,average,rx(2),rx(3),rx(4),rx(5)
RMSE,0.040662209554540134,0.03503646631212972,0.038842697642427065,0.04311534352957374,0.04705702571271721
