,average,rx(2),rx(3),rx(4),rx(5)
RMSE,0.03180154979303731,0.03011287151778696,0.03126696408502258,0.03262939327503718,0.03381785118764066
