,average,rx(2),rx(3),rx(4),rx(5)
RMSE,0.02991563353908077,0.028079174789821217,0.029234632566643996,0.03087240472676585,0.03266484904156578
