,average,rx(2),rx(3),rx(4),rx(5)
RMSE,0.03019950924578042,0.028973931252286898,0.029797121963344962,0.030831287227298675,0.03181446408493734
